[{"model": "admin.logentry", "pk": 1, "fields": {"action_time": "2022-05-04T16:08:33.648Z", "user": 1, "content_type": 7, "object_id": "1", "object_repr": "127.0.0.1", "action_flag": 2, "change_message": "[{\"changed\": {\"fields\": [\"Domain name\"]}}]"}}, {"model": "admin.logentry", "pk": 2, "fields": {"action_time": "2022-05-04T16:25:54.534Z", "user": 1, "content_type": 18, "object_id": "1", "object_repr": "Google", "action_flag": 1, "change_message": "[{\"added\": {}}]"}}, {"model": "admin.logentry", "pk": 3, "fields": {"action_time": "2022-05-08T13:11:32.050Z", "user": 1, "content_type": 7, "object_id": "1", "object_repr": "127.0.0.1", "action_flag": 2, "change_message": "[]"}}, {"model": "admin.logentry", "pk": 4, "fields": {"action_time": "2022-05-08T13:19:27.927Z", "user": 1, "content_type": 18, "object_id": "2", "object_repr": "Google", "action_flag": 1, "change_message": "[{\"added\": {}}]"}}, {"model": "admin.logentry", "pk": 5, "fields": {"action_time": "2022-05-08T13:19:50.776Z", "user": 1, "content_type": 18, "object_id": "2", "object_repr": "Google", "action_flag": 3, "change_message": ""}}, {"model": "admin.logentry", "pk": 6, "fields": {"action_time": "2022-05-08T13:29:44.159Z", "user": 1, "content_type": 3, "object_id": "1", "object_repr": "basic", "action_flag": 1, "change_message": "[{\"added\": {}}]"}}, {"model": "admin.logentry", "pk": 7, "fields": {"action_time": "2022-05-08T13:30:46.231Z", "user": 1, "content_type": 3, "object_id": "2", "object_repr": "premium", "action_flag": 1, "change_message": "[{\"added\": {}}]"}}, {"model": "admin.logentry", "pk": 8, "fields": {"action_time": "2022-05-08T13:33:20.828Z", "user": 1, "content_type": 4, "object_id": "2", "object_repr": "basic_user", "action_flag": 2, "change_message": "[{\"changed\": {\"fields\": [\"Username\", \"Groups\"]}}]"}}, {"model": "admin.logentry", "pk": 9, "fields": {"action_time": "2022-05-08T13:33:43.619Z", "user": 1, "content_type": 4, "object_id": "3", "object_repr": "premium_user", "action_flag": 2, "change_message": "[{\"changed\": {\"fields\": [\"Username\", \"Groups\"]}}]"}}, {"model": "admin.logentry", "pk": 10, "fields": {"action_time": "2022-05-08T14:32:21.223Z", "user": 1, "content_type": 3, "object_id": "3", "object_repr": "common", "action_flag": 1, "change_message": "[{\"added\": {}}]"}}, {"model": "admin.logentry", "pk": 11, "fields": {"action_time": "2022-05-08T14:32:30.755Z", "user": 1, "content_type": 3, "object_id": "4", "object_repr": "authors", "action_flag": 1, "change_message": "[{\"added\": {}}]"}}, {"model": "admin.logentry", "pk": 12, "fields": {"action_time": "2022-05-08T15:21:23.877Z", "user": 1, "content_type": 4, "object_id": "7", "object_repr": "test_basic_user", "action_flag": 2, "change_message": "[{\"changed\": {\"fields\": [\"Groups\"]}}]"}}, {"model": "admin.logentry", "pk": 13, "fields": {"action_time": "2022-05-08T15:21:49.502Z", "user": 1, "content_type": 3, "object_id": "1", "object_repr": "basic", "action_flag": 2, "change_message": "[{\"changed\": {\"fields\": [\"Permissions\"]}}]"}}, {"model": "admin.logentry", "pk": 14, "fields": {"action_time": "2022-05-09T03:44:53.281Z", "user": 1, "content_type": 3, "object_id": "1", "object_repr": "basic", "action_flag": 2, "change_message": "[{\"changed\": {\"fields\": [\"Permissions\"]}}]"}}, {"model": "admin.logentry", "pk": 15, "fields": {"action_time": "2022-05-09T03:45:12.465Z", "user": 1, "content_type": 3, "object_id": "4", "object_repr": "authors", "action_flag": 2, "change_message": "[{\"changed\": {\"fields\": [\"Permissions\"]}}]"}}, {"model": "admin.logentry", "pk": 16, "fields": {"action_time": "2022-05-09T03:52:11.453Z", "user": 1, "content_type": 4, "object_id": "3", "object_repr": "premium_user", "action_flag": 2, "change_message": "[{\"changed\": {\"fields\": [\"Groups\"]}}]"}}, {"model": "admin.logentry", "pk": 17, "fields": {"action_time": "2022-05-09T03:54:10.732Z", "user": 1, "content_type": 4, "object_id": "8", "object_repr": "test_user_author", "action_flag": 3, "change_message": ""}}, {"model": "admin.logentry", "pk": 18, "fields": {"action_time": "2022-05-09T03:59:08.155Z", "user": 1, "content_type": 4, "object_id": "9", "object_repr": "test_user_author", "action_flag": 2, "change_message": "[{\"changed\": {\"fields\": [\"Groups\"]}}]"}}, {"model": "auth.permission", "pk": 1, "fields": {"name": "Can add log entry", "content_type": 1, "codename": "add_logentry"}}, {"model": "auth.permission", "pk": 2, "fields": {"name": "Can change log entry", "content_type": 1, "codename": "change_logentry"}}, {"model": "auth.permission", "pk": 3, "fields": {"name": "Can delete log entry", "content_type": 1, "codename": "delete_logentry"}}, {"model": "auth.permission", "pk": 4, "fields": {"name": "Can view log entry", "content_type": 1, "codename": "view_logentry"}}, {"model": "auth.permission", "pk": 5, "fields": {"name": "Can add permission", "content_type": 2, "codename": "add_permission"}}, {"model": "auth.permission", "pk": 6, "fields": {"name": "Can change permission", "content_type": 2, "codename": "change_permission"}}, {"model": "auth.permission", "pk": 7, "fields": {"name": "Can delete permission", "content_type": 2, "codename": "delete_permission"}}, {"model": "auth.permission", "pk": 8, "fields": {"name": "Can view permission", "content_type": 2, "codename": "view_permission"}}, {"model": "auth.permission", "pk": 9, "fields": {"name": "Can add group", "content_type": 3, "codename": "add_group"}}, {"model": "auth.permission", "pk": 10, "fields": {"name": "Can change group", "content_type": 3, "codename": "change_group"}}, {"model": "auth.permission", "pk": 11, "fields": {"name": "Can delete group", "content_type": 3, "codename": "delete_group"}}, {"model": "auth.permission", "pk": 12, "fields": {"name": "Can view group", "content_type": 3, "codename": "view_group"}}, {"model": "auth.permission", "pk": 13, "fields": {"name": "Can add user", "content_type": 4, "codename": "add_user"}}, {"model": "auth.permission", "pk": 14, "fields": {"name": "Can change user", "content_type": 4, "codename": "change_user"}}, {"model": "auth.permission", "pk": 15, "fields": {"name": "Can delete user", "content_type": 4, "codename": "delete_user"}}, {"model": "auth.permission", "pk": 16, "fields": {"name": "Can view user", "content_type": 4, "codename": "view_user"}}, {"model": "auth.permission", "pk": 17, "fields": {"name": "Can add content type", "content_type": 5, "codename": "add_contenttype"}}, {"model": "auth.permission", "pk": 18, "fields": {"name": "Can change content type", "content_type": 5, "codename": "change_contenttype"}}, {"model": "auth.permission", "pk": 19, "fields": {"name": "Can delete content type", "content_type": 5, "codename": "delete_contenttype"}}, {"model": "auth.permission", "pk": 20, "fields": {"name": "Can view content type", "content_type": 5, "codename": "view_contenttype"}}, {"model": "auth.permission", "pk": 21, "fields": {"name": "Can add session", "content_type": 6, "codename": "add_session"}}, {"model": "auth.permission", "pk": 22, "fields": {"name": "Can change session", "content_type": 6, "codename": "change_session"}}, {"model": "auth.permission", "pk": 23, "fields": {"name": "Can delete session", "content_type": 6, "codename": "delete_session"}}, {"model": "auth.permission", "pk": 24, "fields": {"name": "Can view session", "content_type": 6, "codename": "view_session"}}, {"model": "auth.permission", "pk": 25, "fields": {"name": "Can add site", "content_type": 7, "codename": "add_site"}}, {"model": "auth.permission", "pk": 26, "fields": {"name": "Can change site", "content_type": 7, "codename": "change_site"}}, {"model": "auth.permission", "pk": 27, "fields": {"name": "Can delete site", "content_type": 7, "codename": "delete_site"}}, {"model": "auth.permission", "pk": 28, "fields": {"name": "Can view site", "content_type": 7, "codename": "view_site"}}, {"model": "auth.permission", "pk": 29, "fields": {"name": "Can add flat page", "content_type": 8, "codename": "add_flatpage"}}, {"model": "auth.permission", "pk": 30, "fields": {"name": "Can change flat page", "content_type": 8, "codename": "change_flatpage"}}, {"model": "auth.permission", "pk": 31, "fields": {"name": "Can delete flat page", "content_type": 8, "codename": "delete_flatpage"}}, {"model": "auth.permission", "pk": 32, "fields": {"name": "Can view flat page", "content_type": 8, "codename": "view_flatpage"}}, {"model": "auth.permission", "pk": 33, "fields": {"name": "Can add author", "content_type": 9, "codename": "add_author"}}, {"model": "auth.permission", "pk": 34, "fields": {"name": "Can change author", "content_type": 9, "codename": "change_author"}}, {"model": "auth.permission", "pk": 35, "fields": {"name": "Can delete author", "content_type": 9, "codename": "delete_author"}}, {"model": "auth.permission", "pk": 36, "fields": {"name": "Can view author", "content_type": 9, "codename": "view_author"}}, {"model": "auth.permission", "pk": 37, "fields": {"name": "Can add category", "content_type": 10, "codename": "add_category"}}, {"model": "auth.permission", "pk": 38, "fields": {"name": "Can change category", "content_type": 10, "codename": "change_category"}}, {"model": "auth.permission", "pk": 39, "fields": {"name": "Can delete category", "content_type": 10, "codename": "delete_category"}}, {"model": "auth.permission", "pk": 40, "fields": {"name": "Can view category", "content_type": 10, "codename": "view_category"}}, {"model": "auth.permission", "pk": 41, "fields": {"name": "Can add post", "content_type": 11, "codename": "add_post"}}, {"model": "auth.permission", "pk": 42, "fields": {"name": "Can change post", "content_type": 11, "codename": "change_post"}}, {"model": "auth.permission", "pk": 43, "fields": {"name": "Can delete post", "content_type": 11, "codename": "delete_post"}}, {"model": "auth.permission", "pk": 44, "fields": {"name": "Can view post", "content_type": 11, "codename": "view_post"}}, {"model": "auth.permission", "pk": 45, "fields": {"name": "Can add post category", "content_type": 12, "codename": "add_postcategory"}}, {"model": "auth.permission", "pk": 46, "fields": {"name": "Can change post category", "content_type": 12, "codename": "change_postcategory"}}, {"model": "auth.permission", "pk": 47, "fields": {"name": "Can delete post category", "content_type": 12, "codename": "delete_postcategory"}}, {"model": "auth.permission", "pk": 48, "fields": {"name": "Can view post category", "content_type": 12, "codename": "view_postcategory"}}, {"model": "auth.permission", "pk": 49, "fields": {"name": "Can add comment", "content_type": 13, "codename": "add_comment"}}, {"model": "auth.permission", "pk": 50, "fields": {"name": "Can change comment", "content_type": 13, "codename": "change_comment"}}, {"model": "auth.permission", "pk": 51, "fields": {"name": "Can delete comment", "content_type": 13, "codename": "delete_comment"}}, {"model": "auth.permission", "pk": 52, "fields": {"name": "Can view comment", "content_type": 13, "codename": "view_comment"}}, {"model": "auth.permission", "pk": 53, "fields": {"name": "Can add profile", "content_type": 14, "codename": "add_profile"}}, {"model": "auth.permission", "pk": 54, "fields": {"name": "Can change profile", "content_type": 14, "codename": "change_profile"}}, {"model": "auth.permission", "pk": 55, "fields": {"name": "Can delete profile", "content_type": 14, "codename": "delete_profile"}}, {"model": "auth.permission", "pk": 56, "fields": {"name": "Can view profile", "content_type": 14, "codename": "view_profile"}}, {"model": "auth.permission", "pk": 57, "fields": {"name": "Can add email address", "content_type": 15, "codename": "add_emailaddress"}}, {"model": "auth.permission", "pk": 58, "fields": {"name": "Can change email address", "content_type": 15, "codename": "change_emailaddress"}}, {"model": "auth.permission", "pk": 59, "fields": {"name": "Can delete email address", "content_type": 15, "codename": "delete_emailaddress"}}, {"model": "auth.permission", "pk": 60, "fields": {"name": "Can view email address", "content_type": 15, "codename": "view_emailaddress"}}, {"model": "auth.permission", "pk": 61, "fields": {"name": "Can add email confirmation", "content_type": 16, "codename": "add_emailconfirmation"}}, {"model": "auth.permission", "pk": 62, "fields": {"name": "Can change email confirmation", "content_type": 16, "codename": "change_emailconfirmation"}}, {"model": "auth.permission", "pk": 63, "fields": {"name": "Can delete email confirmation", "content_type": 16, "codename": "delete_emailconfirmation"}}, {"model": "auth.permission", "pk": 64, "fields": {"name": "Can view email confirmation", "content_type": 16, "codename": "view_emailconfirmation"}}, {"model": "auth.permission", "pk": 65, "fields": {"name": "Can add social account", "content_type": 17, "codename": "add_socialaccount"}}, {"model": "auth.permission", "pk": 66, "fields": {"name": "Can change social account", "content_type": 17, "codename": "change_socialaccount"}}, {"model": "auth.permission", "pk": 67, "fields": {"name": "Can delete social account", "content_type": 17, "codename": "delete_socialaccount"}}, {"model": "auth.permission", "pk": 68, "fields": {"name": "Can view social account", "content_type": 17, "codename": "view_socialaccount"}}, {"model": "auth.permission", "pk": 69, "fields": {"name": "Can add social application", "content_type": 18, "codename": "add_socialapp"}}, {"model": "auth.permission", "pk": 70, "fields": {"name": "Can change social application", "content_type": 18, "codename": "change_socialapp"}}, {"model": "auth.permission", "pk": 71, "fields": {"name": "Can delete social application", "content_type": 18, "codename": "delete_socialapp"}}, {"model": "auth.permission", "pk": 72, "fields": {"name": "Can view social application", "content_type": 18, "codename": "view_socialapp"}}, {"model": "auth.permission", "pk": 73, "fields": {"name": "Can add social application token", "content_type": 19, "codename": "add_socialtoken"}}, {"model": "auth.permission", "pk": 74, "fields": {"name": "Can change social application token", "content_type": 19, "codename": "change_socialtoken"}}, {"model": "auth.permission", "pk": 75, "fields": {"name": "Can delete social application token", "content_type": 19, "codename": "delete_socialtoken"}}, {"model": "auth.permission", "pk": 76, "fields": {"name": "Can view social application token", "content_type": 19, "codename": "view_socialtoken"}}, {"model": "auth.permission", "pk": 77, "fields": {"name": "Can add profile", "content_type": 20, "codename": "add_profile"}}, {"model": "auth.permission", "pk": 78, "fields": {"name": "Can change profile", "content_type": 20, "codename": "change_profile"}}, {"model": "auth.permission", "pk": 79, "fields": {"name": "Can delete profile", "content_type": 20, "codename": "delete_profile"}}, {"model": "auth.permission", "pk": 80, "fields": {"name": "Can view profile", "content_type": 20, "codename": "view_profile"}}, {"model": "auth.permission", "pk": 81, "fields": {"name": "Can add django job", "content_type": 21, "codename": "add_djangojob"}}, {"model": "auth.permission", "pk": 82, "fields": {"name": "Can change django job", "content_type": 21, "codename": "change_djangojob"}}, {"model": "auth.permission", "pk": 83, "fields": {"name": "Can delete django job", "content_type": 21, "codename": "delete_djangojob"}}, {"model": "auth.permission", "pk": 84, "fields": {"name": "Can view django job", "content_type": 21, "codename": "view_djangojob"}}, {"model": "auth.permission", "pk": 85, "fields": {"name": "Can add django job execution", "content_type": 22, "codename": "add_djangojobexecution"}}, {"model": "auth.permission", "pk": 86, "fields": {"name": "Can change django job execution", "content_type": 22, "codename": "change_djangojobexecution"}}, {"model": "auth.permission", "pk": 87, "fields": {"name": "Can delete django job execution", "content_type": 22, "codename": "delete_djangojobexecution"}}, {"model": "auth.permission", "pk": 88, "fields": {"name": "Can view django job execution", "content_type": 22, "codename": "view_djangojobexecution"}}, {"model": "auth.group", "pk": 1, "fields": {"name": "basic", "permissions": []}}, {"model": "auth.group", "pk": 2, "fields": {"name": "premium", "permissions": []}}, {"model": "auth.group", "pk": 3, "fields": {"name": "common", "permissions": []}}, {"model": "auth.group", "pk": 4, "fields": {"name": "authors", "permissions": [41, 42]}}, {"model": "auth.user", "pk": 1, "fields": {"password": "pbkdf2_sha256$320000$01PqO3Ffz2OWMxqByDOoLi$GC0JdFVs2AO0pSZhyh+dt8T8oqyaYgTVnnaL1lukt1w=", "last_login": "2022-05-13T04:27:49.028Z", "is_superuser": true, "username": "admin", "first_name": "", "last_name": "", "email": "a@gmail.com", "is_staff": true, "is_active": true, "date_joined": "2022-04-27T15:19:17.212Z", "groups": [], "user_permissions": []}}, {"model": "auth.user", "pk": 2, "fields": {"password": "!ViFkQBIlk2GMX1Go9tiIghkLNkdE6OMzVbEniFF2", "last_login": null, "is_superuser": false, "username": "basic_user", "first_name": "Misha", "last_name": "", "email": "misha@gmail.com", "is_staff": false, "is_active": true, "date_joined": "2022-04-27T16:34:45Z", "groups": [1], "user_permissions": []}}, {"model": "auth.user", "pk": 3, "fields": {"password": "!8jiAQqEvuM3rBdLi0E11EFqXyv9gct7sHQanL2Xv", "last_login": null, "is_superuser": false, "username": "premium_user", "first_name": "Ira", "last_name": "", "email": "ira@gmail.com", "is_staff": false, "is_active": true, "date_joined": "2022-04-27T16:34:51Z", "groups": [1, 2, 4], "user_permissions": []}}, {"model": "auth.user", "pk": 4, "fields": {"password": "", "last_login": null, "is_superuser": false, "username": "user_3", "first_name": "Alexandr", "last_name": "", "email": "pushkin@gmail.com", "is_staff": false, "is_active": true, "date_joined": "2022-05-01T16:34:51.122Z", "groups": [], "user_permissions": []}}, {"model": "auth.user", "pk": 5, "fields": {"password": "pbkdf2_sha256$320000$KLTuDI4Sr6JLT8PF6KTeve$Ic/dW2oV4Vm1Sx1r326iPjMaVLUgA4Gd0iWvE821Pac=", "last_login": "2022-05-08T13:02:49.515Z", "is_superuser": false, "username": "ae5824988", "first_name": "", "last_name": "", "email": "ae5824988@gmail.com", "is_staff": false, "is_active": true, "date_joined": "2022-05-06T16:29:40.714Z", "groups": [], "user_permissions": []}}, {"model": "auth.user", "pk": 6, "fields": {"password": "pbkdf2_sha256$320000$S327sFz8eJxc7JCJ6s03Sn$5Sj2hERFAGk1eXZMoNLhvVVyjzfBZnKe0sJMhvwbNK8=", "last_login": "2022-05-07T11:35:17.012Z", "is_superuser": false, "username": "user_test", "first_name": "└ыхъёхщ", "last_name": "┼ышчрЁют", "email": "alexeiasd22@gmail.com", "is_staff": false, "is_active": true, "date_joined": "2022-05-07T11:35:08.423Z", "groups": [], "user_permissions": []}}, {"model": "auth.user", "pk": 7, "fields": {"password": "pbkdf2_sha256$320000$y2DrnqfNdtHig5KvkTG1XA$gQAuh0RgH3DwWmkKXfOTZJEQmZXFQd3vFIipULEZBsc=", "last_login": "2022-05-09T03:41:11.069Z", "is_superuser": false, "username": "test_basic_user", "first_name": "", "last_name": "", "email": "test_basic_user@gmail.com", "is_staff": false, "is_active": true, "date_joined": "2022-05-08T13:49:11Z", "groups": [1], "user_permissions": []}}, {"model": "auth.user", "pk": 9, "fields": {"password": "pbkdf2_sha256$320000$NVI8bUHXl1ArhoMs1xC4bV$UfDSQ2f1d1ZUlTVMTNFoPJM7QkzsFXbNviOSaBUUhZk=", "last_login": "2022-05-11T17:06:40.716Z", "is_superuser": false, "username": "test_user_author", "first_name": "", "last_name": "", "email": "test_user_author@gmail.com", "is_staff": false, "is_active": true, "date_joined": "2022-05-09T03:58:14Z", "groups": [3, 4], "user_permissions": []}}, {"model": "auth.user", "pk": 10, "fields": {"password": "pbkdf2_sha256$320000$q306rQLeLoEieVMs5hmYdv$gcyuz1A5ze/1JMCZuPCAHo96VJ5mu34ZPizfArt9n3E=", "last_login": "2022-05-12T12:47:37.990Z", "is_superuser": false, "username": "user_5", "first_name": "user5", "last_name": "555", "email": "555@gmail.com", "is_staff": false, "is_active": true, "date_joined": "2022-05-12T12:20:21.610Z", "groups": [], "user_permissions": []}}, {"model": "auth.user", "pk": 11, "fields": {"password": "pbkdf2_sha256$320000$2JdK0RnPBWB8LsnE5xnjii$ukyl+DyPhvfB8LpJE5+TmwkLj5sur2+CF7to9ya6gBw=", "last_login": "2022-05-12T16:07:45.685Z", "is_superuser": false, "username": "user_6", "first_name": "User6", "last_name": "666", "email": "666@gmai.com", "is_staff": false, "is_active": true, "date_joined": "2022-05-12T12:51:20.641Z", "groups": [], "user_permissions": []}}, {"model": "auth.user", "pk": 12, "fields": {"password": "pbkdf2_sha256$320000$Ot10DmcTiUclkzVPUrQAVo$De+B4dIaJ5mi1yNXzUFgQygg3cfEh0P9X8DAZJma4e8=", "last_login": "2022-05-13T05:02:24.602Z", "is_superuser": false, "username": "user_7", "first_name": "", "last_name": "", "email": "user_7@gmail.com", "is_staff": false, "is_active": true, "date_joined": "2022-05-12T13:47:10.174Z", "groups": [3], "user_permissions": []}}, {"model": "auth.user", "pk": 13, "fields": {"password": "pbkdf2_sha256$320000$RvE6dP5iz2pl1DVBR7Yf6r$THC0cXx61iCCtsKROn3UObsqtVlhkIY8m0xDJYynphU=", "last_login": "2022-05-21T15:34:05.296Z", "is_superuser": false, "username": "user_8", "first_name": "888", "last_name": "88", "email": "8@gmail.com", "is_staff": false, "is_active": true, "date_joined": "2022-05-12T16:19:10.789Z", "groups": [], "user_permissions": []}}, {"model": "auth.user", "pk": 14, "fields": {"password": "pbkdf2_sha256$320000$fz1RZRhOPHL1t6QjvqJ2KJ$i/lPrjY1Rr23TkgAN4MpQV03njNMGNTZFvx/v2VDBAM=", "last_login": "2022-05-30T10:07:52.161Z", "is_superuser": false, "username": "user_9", "first_name": "99", "last_name": "99", "email": "alexeiasd23@gmail.com", "is_staff": false, "is_active": true, "date_joined": "2022-05-13T04:17:19.411Z", "groups": [3, 4], "user_permissions": []}}, {"model": "auth.user", "pk": 25, "fields": {"password": "pbkdf2_sha256$320000$LQtxKThAuMHSwK9ZFnUH6h$2tsOxQutP8IPis/rBaT3rRK5zHn2aSZVNXMSDagoRgI=", "last_login": "2022-05-23T13:06:40.350Z", "is_superuser": false, "username": "lafen55", "first_name": "", "last_name": "", "email": "Lafen55@yandex.ru", "is_staff": false, "is_active": true, "date_joined": "2022-05-23T13:06:39.931Z", "groups": [], "user_permissions": []}}, {"model": "auth.user", "pk": 33, "fields": {"password": "pbkdf2_sha256$320000$uTFh86wFvFkP38jj0xf50f$CTn9DsmrhKCzaWZEdEQZVIkBkP3o5KosdqvFZw9XRIs=", "last_login": null, "is_superuser": false, "username": "al", "first_name": "a", "last_name": "e", "email": "alexeiasd2@gmail.com", "is_staff": false, "is_active": true, "date_joined": "2022-05-29T04:45:52.528Z", "groups": [3], "user_permissions": []}}, {"model": "contenttypes.contenttype", "pk": 1, "fields": {"app_label": "admin", "model": "logentry"}}, {"model": "contenttypes.contenttype", "pk": 2, "fields": {"app_label": "auth", "model": "permission"}}, {"model": "contenttypes.contenttype", "pk": 3, "fields": {"app_label": "auth", "model": "group"}}, {"model": "contenttypes.contenttype", "pk": 4, "fields": {"app_label": "auth", "model": "user"}}, {"model": "contenttypes.contenttype", "pk": 5, "fields": {"app_label": "contenttypes", "model": "contenttype"}}, {"model": "contenttypes.contenttype", "pk": 6, "fields": {"app_label": "sessions", "model": "session"}}, {"model": "contenttypes.contenttype", "pk": 7, "fields": {"app_label": "sites", "model": "site"}}, {"model": "contenttypes.contenttype", "pk": 8, "fields": {"app_label": "flatpages", "model": "flatpage"}}, {"model": "contenttypes.contenttype", "pk": 9, "fields": {"app_label": "newspaper", "model": "author"}}, {"model": "contenttypes.contenttype", "pk": 10, "fields": {"app_label": "newspaper", "model": "category"}}, {"model": "contenttypes.contenttype", "pk": 11, "fields": {"app_label": "newspaper", "model": "post"}}, {"model": "contenttypes.contenttype", "pk": 12, "fields": {"app_label": "newspaper", "model": "postcategory"}}, {"model": "contenttypes.contenttype", "pk": 13, "fields": {"app_label": "newspaper", "model": "comment"}}, {"model": "contenttypes.contenttype", "pk": 14, "fields": {"app_label": "newspaper", "model": "profile"}}, {"model": "contenttypes.contenttype", "pk": 15, "fields": {"app_label": "account", "model": "emailaddress"}}, {"model": "contenttypes.contenttype", "pk": 16, "fields": {"app_label": "account", "model": "emailconfirmation"}}, {"model": "contenttypes.contenttype", "id": 17, "fields": {"app_label": "socialaccount", "model": "socialaccount"}}, {"model": "contenttypes.contenttype", "id": 18, "fields": {"app_label": "socialaccount", "model": "socialapp"}}, {"model": "contenttypes.contenttype", "pk": 19, "fields": {"app_label": "socialaccount", "model": "socialtoken"}}, {"model": "contenttypes.contenttype", "pk": 20, "fields": {"app_label": "sign", "model": "profile"}}, {"model": "contenttypes.contenttype", "pk": 21, "fields": {"app_label": "django_apscheduler", "model": "djangojob"}}, {"model": "contenttypes.contenttype", "pk": 22, "fields": {"app_label": "django_apscheduler", "model": "djangojobexecution"}}, {"model": "sessions.session", "pk": "nu6wg1rwfxn4yrtfv2o2qfkawxdvzqkm", "fields": {"session_data": ".eJxVjEsOwiAUAO_CuiGAlEKX7j0DeY-PRRGStnRjvLvWGJNuZybzJOBcbWW1W5hTTMHb8ICUyVhazt3ftiXMZCQb6YiFtk5fYJP_MC6PEMHdQ9mNv0G5VupqWeeEdE_ozy70Un3I5197GEywTPt3kBg1U9ELLXgURmsXpeLyxFRQRorQC4OI3EiA3iNjSkkDyAYwzmtFXm-94klT:1nvcJU:8XWsqx8RjPUurT3RqwW6S5iWKxWOQWdj5XocOmooVNc", "expire_date": "2022-06-13T10:07:52.235Z"}}, {"model": "sessions.session", "pk": "p6apcp3tsea6qu5gqnhqyxsij01fszmh", "fields": {"session_data": ".eJxVjMsOwiAQAP-FsyGA2y149O43kF0eUjWQlPZk_HdD0oNeZybzFp72rfi9p9UvUVyEBnH6hUzhmeow8UH13mRodVsXliORh-3y1mJ6XY_2b1Col_GdgbNVmKOxRmfjrA0ZUMNZYUIHJk3GMbN2QDRFVgoRHLGayYVoUXy-6pQ3fg:1nqC5Z:ltUKdgTaOjNi4PKORC1vyduCPkxJYRL_IKtW63BK_U0", "expire_date": "2022-05-29T11:07:05.339Z"}}, {"model": "sessions.session", "pk": "pkdwda1er47omhuut9k8ulnhq93ohav9", "fields": {"session_data": ".eJxVjMsOwiAQAP-FsyGA2y149O43kF0eUjWQlPZk_HdD0oNeZybzFp72rfi9p9UvUVyEBnH6hUzhmeow8UH13mRodVsXliORh-3y1mJ6XY_2b1Col_GdgbNVmKOxRmfjrA0ZUMNZYUIHJk3GMbN2QDRFVgoRHLGayYVoUXy-6pQ3fg:1npNVt:GmiBIICmOdX8s0zhAbwOkzANWneXDvguLJjwGO7lQkw", "expire_date": "2022-05-27T05:06:53.654Z"}}, {"model": "sites.site", "pk": 1, "fields": {"domain": "127.0.0.1", "name": "example.com"}}, {"model": "newspaper.author", "pk": 1, "fields": {"full_name": "╤хьхэют ╤хьхэ ╤хьхэ√ў", "user": 2, "rating_author": 1}}, {"model": "newspaper.author", "pk": 2, "fields": {"full_name": "╤шфюЁют ╚ээюъхэЄшщ", "user": 3, "rating_author": 1}}, {"model": "newspaper.author", "pk": 3, "fields": {"full_name": "╧є°ъшэ", "user": 4, "rating_author": 0}}, {"model": "newspaper.author", "pk": 4, "fields": {"full_name": "user_9", "user": 14, "rating_author": 1}}, {"model": "newspaper.category", "pk": 1, "fields": {"category": "▌ъюэюьшър", "subscribers": [7]}}, {"model": "newspaper.category", "pk": 2, "fields": {"category": "╟фюЁют№х", "subscribers": [9]}}, {"model": "newspaper.category", "pk": 3, "fields": {"category": "┬ююЁєцхэш ", "subscribers": [13, 14]}}, {"model": "newspaper.category", "pk": 4, "fields": {"category": "╬с∙хёЄтю", "subscribers": [14]}}, {"model": "newspaper.post", "pk": 1, "fields": {"author": 1, "date": "2022-04-27T16:36:14.580Z", "title_post": "1", "body_post": "11111", "rating_post": 1, "position": "AR"}}, {"model": "newspaper.post", "pk": 2, "fields": {"author": 2, "date": "2022-04-27T16:36:37.988Z", "title_post": "2", "body_post": "Praesent imperdiet sed diam vel scelerisque. In eget vulputate neque. Duis vel placerat turpis. Cras vel purus et arcu commodo accumsan id a lorem. Donec lorem velit, sodales at blandit non, consectetur et metus. Pellentesque habitant morbi tristique senectus et netus et malesuada fames ac turpis egestas. Nam rhoncus non lorem id aliquet.", "rating_post": 1, "position": "NW"}}, {"model": "newspaper.post", "pk": 3, "fields": {"author": 2, "date": "2022-05-01T18:36:57.142Z", "title_post": "3", "body_post": "Praesent imperdiet sed diam vel scelerisque. In eget vulputate neque. Duis vel placerat turpis. Cras vel purus et arcu commodo accumsan id a lorem. Consectetur et metus. Nam rhoncus non.", "rating_post": 1, "position": "NW"}}, {"model": "newspaper.post", "pk": 4, "fields": {"author": 2, "date": "2022-04-01T18:36:57.142Z", "title_post": "4", "body_post": "444", "rating_post": 5, "position": "AR"}}, {"model": "newspaper.post", "pk": 5, "fields": {"author": 3, "date": "2022-05-02T05:58:58.284Z", "title_post": "╬ ╓рЁх ╤рыЄрэх", "body_post": "чырЄр  Ўхя№ эр фєсх Єюь", "rating_post": 1, "position": "NW"}}, {"model": "newspaper.post", "pk": 6, "fields": {"author": 3, "date": "2022-05-02T12:25:45.454Z", "title_post": "╬ ╓рЁх 2", "body_post": "ы√тцрц√ытрц√√", "rating_post": 1, "position": "NW"}}, {"model": "newspaper.post", "pk": 8, "fields": {"author": 1, "date": "2022-05-02T15:47:57.057Z", "title_post": "Best", "body_post": "dsfdsfdfdsfddsfdsfdsf4342", "rating_post": 1, "position": "NW"}}, {"model": "newspaper.post", "pk": 11, "fields": {"author": 1, "date": "2022-05-13T04:43:15.824Z", "title_post": "1233", "body_post": "dsfasfasfafa", "rating_post": 1, "position": "NW"}}, {"model": "newspaper.post", "pk": 12, "fields": {"author": 2, "date": "2022-05-21T17:54:54.653Z", "title_post": "post_5", "body_post": "post55555", "rating_post": 1, "position": "NW"}}, {"model": "newspaper.post", "pk": 15, "fields": {"author": 1, "date": "2022-05-22T06:07:27.003Z", "title_post": "6", "body_post": "66666", "rating_post": 1, "position": "NW"}}, {"model": "newspaper.post", "pk": 16, "fields": {"author": 1, "date": "2022-05-22T06:08:11.506Z", "title_post": "7", "body_post": "777", "rating_post": 1, "position": "NW"}}, {"model": "newspaper.post", "pk": 17, "fields": {"author": 1, "date": "2022-05-22T07:15:30.563Z", "title_post": "8", "body_post": "8888", "rating_post": 1, "position": "NW"}}, {"model": "newspaper.post", "pk": 21, "fields": {"author": 1, "date": "2022-05-22T07:50:08.684Z", "title_post": "9", "body_post": "999", "rating_post": 1, "position": "NW"}}, {"model": "newspaper.post", "pk": 22, "fields": {"author": 2, "date": "2022-05-22T07:51:37.071Z", "title_post": "10", "body_post": "1010", "rating_post": 1, "position": "NW"}}, {"model": "newspaper.post", "pk": 23, "fields": {"author": 2, "date": "2022-05-22T08:01:13.872Z", "title_post": "11", "body_post": "1111", "rating_post": 1, "position": "NW"}}, {"model": "newspaper.post", "pk": 24, "fields": {"author": 1, "date": "2022-05-22T08:01:55.855Z", "title_post": "12", "body_post": "1212", "rating_post": 1, "position": "NW"}}, {"model": "newspaper.post", "pk": 25, "fields": {"author": 2, "date": "2022-05-22T08:03:20.917Z", "title_post": "13", "body_post": "1313", "rating_post": 1, "position": "NW"}}, {"model": "newspaper.post", "pk": 26, "fields": {"author": 1, "date": "2022-05-22T08:06:37.959Z", "title_post": "14", "body_post": "1414", "rating_post": 1, "position": "NW"}}, {"model": "newspaper.post", "pk": 27, "fields": {"author": 2, "date": "2022-05-22T08:14:55.171Z", "title_post": "15", "body_post": "1515", "rating_post": 1, "position": "NW"}}, {"model": "newspaper.post", "pk": 28, "fields": {"author": 1, "date": "2022-05-22T09:41:01.054Z", "title_post": "16", "body_post": "1616", "rating_post": 1, "position": "NW"}}, {"model": "newspaper.post", "pk": 29, "fields": {"author": 1, "date": "2022-05-22T09:41:44.590Z", "title_post": "17", "body_post": "1717", "rating_post": 1, "position": "NW"}}, {"model": "newspaper.post", "pk": 30, "fields": {"author": 1, "date": "2022-05-23T11:52:44.687Z", "title_post": "18", "body_post": "1818", "rating_post": 1, "position": "NW"}}, {"model": "newspaper.post", "pk": 102, "fields": {"author": 4, "date": "2022-05-28T17:19:33.924Z", "title_post": "dsfsdf", "body_post": "fdsfdasfds", "rating_post": 1, "position": "NW"}}, {"model": "newspaper.post", "pk": 103, "fields": {"author": 4, "date": "2022-05-28T17:30:53.105Z", "title_post": "asdfgd", "body_post": "dfhddhfhd", "rating_post": 1, "position": "NW"}}, {"model": "newspaper.postcategory", "pk": 1, "fields": {"post": 1, "category": 1}}, {"model": "newspaper.postcategory", "pk": 2, "fields": {"post": 1, "category": 2}}, {"model": "newspaper.postcategory", "pk": 3, "fields": {"post": 2, "category": 2}}, {"model": "newspaper.postcategory", "pk": 4, "fields": {"post": 2, "category": 3}}, {"model": "newspaper.postcategory", "pk": 5, "fields": {"post": 3, "category": 4}}, {"model": "newspaper.postcategory", "pk": 6, "fields": {"post": 3, "category": 1}}, {"model": "newspaper.postcategory", "pk": 7, "fields": {"post": 4, "category": 3}}, {"model": "newspaper.postcategory", "pk": 8, "fields": {"post": 5, "category": 1}}, {"model": "newspaper.postcategory", "pk": 9, "fields": {"post": 6, "category": 3}}, {"model": "newspaper.postcategory", "pk": 10, "fields": {"post": 8, "category": 3}}, {"model": "newspaper.postcategory", "pk": 11, "fields": {"post": 11, "category": 2}}, {"model": "newspaper.postcategory", "pk": 12, "fields": {"post": 21, "category": 3}}, {"model": "newspaper.postcategory", "pk": 13, "fields": {"post": 22, "category": 3}}, {"model": "newspaper.postcategory", "pk": 14, "fields": {"post": 23, "category": 3}}, {"model": "newspaper.postcategory", "pk": 15, "fields": {"post": 24, "category": 3}}, {"model": "newspaper.postcategory", "pk": 16, "fields": {"post": 25, "category": 3}}, {"model": "newspaper.postcategory", "pk": 17, "fields": {"post": 26, "category": 3}}, {"model": "newspaper.postcategory", "pk": 18, "fields": {"post": 27, "category": 3}}, {"model": "newspaper.postcategory", "pk": 19, "fields": {"post": 28, "category": 3}}, {"model": "newspaper.postcategory", "pk": 20, "fields": {"post": 29, "category": 3}}, {"model": "newspaper.postcategory", "pk": 21, "fields": {"post": 30, "category": 1}}, {"model": "newspaper.postcategory", "pk": 40, "fields": {"post": 102, "category": 3}}, {"model": "newspaper.postcategory", "pk": 41, "fields": {"post": 103, "category": 3}}, {"model": "newspaper.comment", "pk": 1, "fields": {"post": 1, "user": 2, "body_comment": "Donec lorem velit, sodales at blandit non", "date_comment": "2022-04-27T16:37:22.520Z", "rating_comment": 1}}, {"model": "newspaper.comment", "pk": 2, "fields": {"post": 2, "user": 3, "body_comment": "Lorem velit, sodales at blandit non", "date_comment": "2022-04-27T16:37:25.256Z", "rating_comment": 1}}, {"model": "newspaper.comment", "pk": 3, "fields": {"post": 2, "user": 3, "body_comment": "velit, sodales at blandit non", "date_comment": "2022-04-27T16:37:27.783Z", "rating_comment": 1}}, {"model": "newspaper.comment", "pk": 4, "fields": {"post": 3, "user": 2, "body_comment": "rem velit, sodales at blandit non", "date_comment": "2022-04-27T16:37:29.815Z", "rating_comment": 1}}, {"model": "sign.profile", "pk": 1, "fields": {"user": 1, "about": "131313", "age": 5}}, {"model": "sign.profile", "pk": 2, "fields": {"user": 2, "about": "", "age": 0}}, {"model": "sign.profile", "pk": 3, "fields": {"user": 3, "about": "", "age": 0}}, {"model": "sign.profile", "pk": 4, "fields": {"user": 4, "about": "", "age": 0}}, {"model": "sign.profile", "pk": 5, "fields": {"user": 5, "about": "", "age": 0}}, {"model": "sign.profile", "pk": 6, "fields": {"user": 6, "about": "", "age": 0}}, {"model": "sign.profile", "pk": 7, "fields": {"user": 7, "about": "", "age": 0}}, {"model": "sign.profile", "pk": 10, "fields": {"user": 9, "about": "999", "age": 99}}, {"model": "sign.profile", "pk": 11, "fields": {"user": 10, "about": "55555", "age": 5}}, {"model": "sign.profile", "pk": 12, "fields": {"user": 12, "about": "777", "age": 777}}, {"model": "account.emailaddress", "pk": 1, "fields": {"user": 5, "email": "ae5824988@gmail.com", "verified": false, "primary": true}}, {"model": "account.emailaddress", "pk": 2, "fields": {"user": 7, "email": "test_basic_user@gmail.com", "verified": false, "primary": true}}, {"model": "account.emailaddress", "pk": 4, "fields": {"user": 9, "email": "test_user_author@gmail.com", "verified": false, "primary": true}}, {"model": "account.emailaddress", "pk": 5, "fields": {"user": 12, "email": "user_7@gmail.com", "verified": false, "primary": true}}, {"model": "account.emailaddress", "pk": 16, "fields": {"user": 25, "email": "Lafen55@yandex.ru", "verified": false, "primary": true}}, {"model": "socialaccount.socialapp", "pk": 1, "fields": {"provider": "google", "name": "Google", "client_id": "79838050946-plpn15odv8g1bamm8as4t44eumfedrsb.apps.googleusercontent.com", "secret": "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", "key": "", "sites": [1]}}, {"model": "django_apscheduler.djangojob", "pk": "delete_old_job_executions", "fields": {"next_run_time": "2022-05-29T20:00:00Z", "job_state": "gAWVkQQAAAAAAAB9lCiMB3ZlcnNpb26USwGMAmlklIwZZGVsZXRlX29sZF9qb2JfZXhlY3V0aW9uc5SMBGZ1bmOUjEZuZXdzcGFwZXIubWFuYWdlbWVudC5jb21tYW5kcy5ydW5hcHNjaGVkdWxlcjpkZWxldGVfb2xkX2pvYl9leGVjdXRpb25zlIwHdHJpZ2dlcpSMGWFwc2NoZWR1bGVyLnRyaWdnZXJzLmNyb26UjAtDcm9uVHJpZ2dlcpSTlCmBlH2UKGgBSwKMCHRpbWV6b25llIwbcHl0el9kZXByZWNhdGlvbl9zaGltLl9pbXBslIwJd3JhcF96b25llJOUjAhidWlsdGluc5SMB2dldGF0dHKUk5SMCHpvbmVpbmZvlIwIWm9uZUluZm+Uk5SMCV91bnBpY2tsZZSGlFKUjA5FdXJvcGUvU2FyYXRvdpRLAYaUUpRoGYaUUpSMCnN0YXJ0X2RhdGWUTowIZW5kX2RhdGWUTowGZmllbGRzlF2UKIwgYXBzY2hlZHVsZXIudHJpZ2dlcnMuY3Jvbi5maWVsZHOUjAlCYXNlRmllbGSUk5QpgZR9lCiMBG5hbWWUjAR5ZWFylIwKaXNfZGVmYXVsdJSIjAtleHByZXNzaW9uc5RdlIwlYXBzY2hlZHVsZXIudHJpZ2dlcnMuY3Jvbi5leHByZXNzaW9uc5SMDUFsbEV4cHJlc3Npb26Uk5QpgZR9lIwEc3RlcJROc2JhdWJoIowKTW9udGhGaWVsZJSTlCmBlH2UKGgnjAVtb250aJRoKYhoKl2UaC4pgZR9lGgxTnNiYXViaCKMD0RheU9mTW9udGhGaWVsZJSTlCmBlH2UKGgnjANkYXmUaCmIaCpdlGguKYGUfZRoMU5zYmF1YmgijAlXZWVrRmllbGSUk5QpgZR9lChoJ4wEd2Vla5RoKYhoKl2UaC4pgZR9lGgxTnNiYXViaCKMDkRheU9mV2Vla0ZpZWxklJOUKYGUfZQoaCeMC2RheV9vZl93ZWVrlGgpiWgqXZRoLIwWV2Vla2RheVJhbmdlRXhwcmVzc2lvbpSTlCmBlH2UKGgxTowFZmlyc3SUSwCMBGxhc3SUSwB1YmF1YmgkKYGUfZQoaCeMBGhvdXKUaCmJaCpdlGgsjA9SYW5nZUV4cHJlc3Npb26Uk5QpgZR9lChoMU5oVEsAaFVLAHViYXViaCQpgZR9lChoJ4wGbWludXRllGgpiWgqXZRoWymBlH2UKGgxTmhUSwBoVUsAdWJhdWJoJCmBlH2UKGgnjAZzZWNvbmSUaCmIaCpdlGhbKYGUfZQoaDFOaFRLAGhVSwB1YmF1YmWMBmppdHRlcpROdWKMCGV4ZWN1dG9ylIwHZGVmYXVsdJSMBGFyZ3OUKYwGa3dhcmdzlH2UaCdoA4wSbWlzZmlyZV9ncmFjZV90aW1llEsBjAhjb2FsZXNjZZSIjA1tYXhfaW5zdGFuY2VzlEsBjA1uZXh0X3J1bl90aW1llIwIZGF0ZXRpbWWUjAhkYXRldGltZZSTlEMKB+YFHgAAAAAAAJRoHYaUUpR1Lg=="}}, {"model": "django_apscheduler.djangojob", "pk": "my_job", "fields": {"next_run_time": "2022-05-28T17:29:00Z", "job_state": "gAWVDgQAAAAAAAB9lCiMB3ZlcnNpb26USwGMAmlklIwGbXlfam9ilIwEZnVuY5SMM25ld3NwYXBlci5tYW5hZ2VtZW50LmNvbW1hbmRzLnJ1bmFwc2NoZWR1bGVyOm15X2pvYpSMB3RyaWdnZXKUjBlhcHNjaGVkdWxlci50cmlnZ2Vycy5jcm9ulIwLQ3JvblRyaWdnZXKUk5QpgZR9lChoAUsCjAh0aW1lem9uZZSMG3B5dHpfZGVwcmVjYXRpb25fc2hpbS5faW1wbJSMCXdyYXBfem9uZZSTlIwIYnVpbHRpbnOUjAdnZXRhdHRylJOUjAh6b25laW5mb5SMCFpvbmVJbmZvlJOUjAlfdW5waWNrbGWUhpRSlIwORXVyb3BlL1NhcmF0b3aUSwGGlFKUaBmGlFKUjApzdGFydF9kYXRllE6MCGVuZF9kYXRllE6MBmZpZWxkc5RdlCiMIGFwc2NoZWR1bGVyLnRyaWdnZXJzLmNyb24uZmllbGRzlIwJQmFzZUZpZWxklJOUKYGUfZQojARuYW1llIwEeWVhcpSMCmlzX2RlZmF1bHSUiIwLZXhwcmVzc2lvbnOUXZSMJWFwc2NoZWR1bGVyLnRyaWdnZXJzLmNyb24uZXhwcmVzc2lvbnOUjA1BbGxFeHByZXNzaW9ulJOUKYGUfZSMBHN0ZXCUTnNiYXViaCKMCk1vbnRoRmllbGSUk5QpgZR9lChoJ4wFbW9udGiUaCmIaCpdlGguKYGUfZRoMU5zYmF1YmgijA9EYXlPZk1vbnRoRmllbGSUk5QpgZR9lChoJ4wDZGF5lGgpiGgqXZRoLimBlH2UaDFOc2JhdWJoIowJV2Vla0ZpZWxklJOUKYGUfZQoaCeMBHdlZWuUaCmIaCpdlGguKYGUfZRoMU5zYmF1YmgijA5EYXlPZldlZWtGaWVsZJSTlCmBlH2UKGgnjAtkYXlfb2Zfd2Vla5RoKYhoKl2UaC4pgZR9lGgxTnNiYXViaCQpgZR9lChoJ4wEaG91cpRoKYhoKl2UaC4pgZR9lGgxTnNiYXViaCQpgZR9lChoJ4wGbWludXRllGgpiGgqXZRoLimBlH2UaDFOc2JhdWJoJCmBlH2UKGgnjAZzZWNvbmSUaCmJaCpdlGguKYGUfZRoMUsKc2JhdWJljAZqaXR0ZXKUTnVijAhleGVjdXRvcpSMB2RlZmF1bHSUjARhcmdzlCmMBmt3YXJnc5R9lGgnaAOMEm1pc2ZpcmVfZ3JhY2VfdGltZZRLAYwIY29hbGVzY2WUiIwNbWF4X2luc3RhbmNlc5RLAYwNbmV4dF9ydW5fdGltZZSMCGRhdGV0aW1llIwIZGF0ZXRpbWWUk5RDCgfmBRwVHQAAAACUaB2GlFKUdS4="}}, {"model": "django_apscheduler.djangojobexecution", "pk": 1, "fields": {"job": "my_job", "status": "Executed", "run_time": "2022-05-28T06:25:00Z", "duration": "0.02", "finished": "1653719100.02", "exception": null, "traceback": null}}, {"model": "django_apscheduler.djangojobexecution", "pk": 2, "fields": {"job": "my_job", "status": "Executed", "run_time": "2022-05-28T06:25:10Z", "duration": "0.28", "finished": "1653719110.28", "exception": null, "traceback": null}}, {"model": "django_apscheduler.djangojobexecution", "pk": 3, "fields": {"job": "my_job", "status": "Executed", "run_time": "2022-05-28T06:25:20Z", "duration": "0.23", "finished": "1653719120.23", "exception": null, "traceback": null}}, {"model": "django_apscheduler.djangojobexecution", "pk": 4, "fields": {"job": "my_job", "status": "Executed", "run_time": "2022-05-28T07:18:40Z", "duration": "1.58", "finished": "1653722321.58", "exception": null, "traceback": null}}, {"model": "django_apscheduler.djangojobexecution", "pk": 5, "fields": {"job": "my_job", "status": "Executed", "run_time": "2022-05-28T07:18:50Z", "duration": "0.81", "finished": "1653722330.81", "exception": null, "traceback": null}}, {"model": "django_apscheduler.djangojobexecution", "pk": 6, "fields": {"job": "my_job", "status": "Executed", "run_time": "2022-05-28T07:19:00Z", "duration": "0.84", "finished": "1653722340.84", "exception": null, "traceback": null}}, {"model": "django_apscheduler.djangojobexecution", "pk": 7, "fields": {"job": "my_job", "status": "Executed", "run_time": "2022-05-28T07:19:10Z", "duration": "0.80", "finished": "1653722350.80", "exception": null, "traceback": null}}, {"model": "django_apscheduler.djangojobexecution", "pk": 8, "fields": {"job": "my_job", "status": "Executed", "run_time": "2022-05-28T08:43:28Z", "duration": "0.02", "finished": "1653727408.02", "exception": null, "traceback": null}}, {"model": "django_apscheduler.djangojobexecution", "pk": 9, "fields": {"job": "my_job", "status": "Executed", "run_time": "2022-05-28T08:43:32Z", "duration": "0.26", "finished": "1653727412.26", "exception": null, "traceback": null}}, {"model": "django_apscheduler.djangojobexecution", "pk": 10, "fields": {"job": "my_job", "status": "Executed", "run_time": "2022-05-28T13:14:04Z", "duration": "0.03", "finished": "1653743644.03", "exception": null, "traceback": null}}, {"model": "django_apscheduler.djangojobexecution", "pk": 11, "fields": {"job": "my_job", "status": "Error!", "run_time": "2022-05-28T14:37:20Z", "duration": "0.25", "finished": "1653748640.25", "exception": "type object 'Post' has no attribute 'object'", "traceback": "  File \"D:\\Alexei\\SkillFactory\\projectManufacture\\venv\\lib\\site-packages\\apscheduler\\executors\\base.py\", line 125, in run_job\n    retval = job.func(*job.args, **job.kwargs)\n  File \"D:\\Alexei\\SkillFactory\\SF_D2\\project\\newspaper\\management\\commands\\runapscheduler.py\", line 29, in my_job\n    posts = Post.object.filter(post_category__category=name_category)\n"}}, {"model": "django_apscheduler.djangojobexecution", "pk": 12, "fields": {"job": "my_job", "status": "Error!", "run_time": "2022-05-28T14:37:24Z", "duration": "0.26", "finished": "1653748644.26", "exception": "type object 'Post' has no attribute 'object'", "traceback": "  File \"D:\\Alexei\\SkillFactory\\projectManufacture\\venv\\lib\\site-packages\\apscheduler\\executors\\base.py\", line 125, in run_job\n    retval = job.func(*job.args, **job.kwargs)\n  File \"D:\\Alexei\\SkillFactory\\SF_D2\\project\\newspaper\\management\\commands\\runapscheduler.py\", line 29, in my_job\n    posts = Post.object.filter(post_category__category=name_category)\n"}}, {"model": "django_apscheduler.djangojobexecution", "pk": 13, "fields": {"job": "my_job", "status": "Error!", "run_time": "2022-05-28T14:37:28Z", "duration": "0.23", "finished": "1653748648.23", "exception": "type object 'Post' has no attribute 'object'", "traceback": "  File \"D:\\Alexei\\SkillFactory\\projectManufacture\\venv\\lib\\site-packages\\apscheduler\\executors\\base.py\", line 125, in run_job\n    retval = job.func(*job.args, **job.kwargs)\n  File \"D:\\Alexei\\SkillFactory\\SF_D2\\project\\newspaper\\management\\commands\\runapscheduler.py\", line 29, in my_job\n    posts = Post.object.filter(post_category__category=name_category)\n"}}, {"model": "django_apscheduler.djangojobexecution", "pk": 14, "fields": {"job": "my_job", "status": "Error!", "run_time": "2022-05-28T14:37:32Z", "duration": "0.27", "finished": "1653748652.27", "exception": "type object 'Post' has no attribute 'object'", "traceback": "  File \"D:\\Alexei\\SkillFactory\\projectManufacture\\venv\\lib\\site-packages\\apscheduler\\executors\\base.py\", line 125, in run_job\n    retval = job.func(*job.args, **job.kwargs)\n  File \"D:\\Alexei\\SkillFactory\\SF_D2\\project\\newspaper\\management\\commands\\runapscheduler.py\", line 29, in my_job\n    posts = Post.object.filter(post_category__category=name_category)\n"}}, {"model": "django_apscheduler.djangojobexecution", "pk": 15, "fields": {"job": "my_job", "status": "Error!", "run_time": "2022-05-28T14:37:36Z", "duration": "0.25", "finished": "1653748656.25", "exception": "type object 'Post' has no attribute 'object'", "traceback": "  File \"D:\\Alexei\\SkillFactory\\projectManufacture\\venv\\lib\\site-packages\\apscheduler\\executors\\base.py\", line 125, in run_job\n    retval = job.func(*job.args, **job.kwargs)\n  File \"D:\\Alexei\\SkillFactory\\SF_D2\\project\\newspaper\\management\\commands\\runapscheduler.py\", line 29, in my_job\n    posts = Post.object.filter(post_category__category=name_category)\n"}}, {"model": "django_apscheduler.djangojobexecution", "pk": 16, "fields": {"job": "my_job", "status": "Error!", "run_time": "2022-05-28T14:37:40Z", "duration": "0.23", "finished": "1653748660.23", "exception": "type object 'Post' has no attribute 'object'", "traceback": "  File \"D:\\Alexei\\SkillFactory\\projectManufacture\\venv\\lib\\site-packages\\apscheduler\\executors\\base.py\", line 125, in run_job\n    retval = job.func(*job.args, **job.kwargs)\n  File \"D:\\Alexei\\SkillFactory\\SF_D2\\project\\newspaper\\management\\commands\\runapscheduler.py\", line 29, in my_job\n    posts = Post.objects.filter(post_category__category=name_category)\n"}}, {"model": "django_apscheduler.djangojobexecution", "pk": 17, "fields": {"job": "my_job", "status": "Executed", "run_time": "2022-05-28T14:37:48Z", "duration": "0.02", "finished": "1653748668.02", "exception": null, "traceback": null}}, {"model": "django_apscheduler.djangojobexecution", "pk": 18, "fields": {"job": "my_job", "status": "Executed", "run_time": "2022-05-28T14:53:44Z", "duration": "0.02", "finished": "1653749624.02", "exception": null, "traceback": null}}, {"model": "django_apscheduler.djangojobexecution", "pk": 19, "fields": {"job": "my_job", "status": "Error!", "run_time": "2022-05-28T15:06:00Z", "duration": "0.36", "finished": "1653750360.36", "exception": "type object 'datetime.datetime' has no attribute 'datetime'", "traceback": "  File \"D:\\Alexei\\SkillFactory\\projectManufacture\\venv\\lib\\site-packages\\apscheduler\\executors\\base.py\", line 125, in run_job\n    retval = job.func(*job.args, **job.kwargs)\n  File \"D:\\Alexei\\SkillFactory\\SF_D2\\project\\newspaper\\management\\commands\\runapscheduler.py\", line 32, in my_job\n    weekday = datetime.datetime.today().weekday()\n"}}, {"model": "django_apscheduler.djangojobexecution", "pk": 20, "fields": {"job": "my_job", "status": "Error!", "run_time": "2022-05-28T15:17:24Z", "duration": "0.02", "finished": "1653751044.02", "exception": "type object 'datetime.datetime' has no attribute 'datetime'", "traceback": "  File \"D:\\Alexei\\SkillFactory\\projectManufacture\\venv\\lib\\site-packages\\apscheduler\\executors\\base.py\", line 125, in run_job\n    retval = job.func(*job.args, **job.kwargs)\n  File \"D:\\Alexei\\SkillFactory\\SF_D2\\project\\newspaper\\management\\commands\\runapscheduler.py\", line 32, in my_job\n    weekday = datetime.datetime.today().weekday()\n"}}, {"model": "django_apscheduler.djangojobexecution", "pk": 21, "fields": {"job": "my_job", "status": "Executed", "run_time": "2022-05-28T15:17:36Z", "duration": "0.01", "finished": "1653751056.01", "exception": null, "traceback": null}}, {"model": "django_apscheduler.djangojobexecution", "pk": 22, "fields": {"job": "my_job", "status": "Executed", "run_time": "2022-05-28T15:18:36Z", "duration": "0.32", "finished": "1653751116.32", "exception": null, "traceback": null}}, {"model": "django_apscheduler.djangojobexecution", "pk": 23, "fields": {"job": "my_job", "status": "Executed", "run_time": "2022-05-28T15:20:00Z", "duration": "0.29", "finished": "1653751200.29", "exception": null, "traceback": null}}, {"model": "django_apscheduler.djangojobexecution", "pk": 24, "fields": {"job": "my_job", "status": "Executed", "run_time": "2022-05-28T15:21:48Z", "duration": "0.26", "finished": "1653751308.26", "exception": null, "traceback": null}}, {"model": "django_apscheduler.djangojobexecution", "pk": 25, "fields": {"job": "my_job", "status": "Executed", "run_time": "2022-05-28T15:22:24Z", "duration": "0.25", "finished": "1653751344.25", "exception": null, "traceback": null}}, {"model": "django_apscheduler.djangojobexecution", "pk": 26, "fields": {"job": "my_job", "status": "Executed", "run_time": "2022-05-28T15:25:00Z", "duration": "0.01", "finished": "1653751500.01", "exception": null, "traceback": null}}, {"model": "django_apscheduler.djangojobexecution", "pk": 27, "fields": {"job": "my_job", "status": "Executed", "run_time": "2022-05-28T16:45:16Z", "duration": "0.41", "finished": "1653756316.41", "exception": null, "traceback": null}}, {"model": "django_apscheduler.djangojobexecution", "pk": 28, "fields": {"job": "my_job", "status": "Executed", "run_time": "2022-05-28T16:45:56Z", "duration": "0.27", "finished": "1653756356.27", "exception": null, "traceback": null}}, {"model": "django_apscheduler.djangojobexecution", "pk": 29, "fields": {"job": "my_job", "status": "Executed", "run_time": "2022-05-28T16:46:24Z", "duration": "0.26", "finished": "1653756384.26", "exception": null, "traceback": null}}, {"model": "django_apscheduler.djangojobexecution", "pk": 30, "fields": {"job": "my_job", "status": "Executed", "run_time": "2022-05-28T16:52:10Z", "duration": "3.45", "finished": "1653756733.45", "exception": null, "traceback": null}}, {"model": "django_apscheduler.djangojobexecution", "pk": 31, "fields": {"job": "my_job", "status": "Executed", "run_time": "2022-05-28T16:52:20Z", "duration": "2.41", "finished": "1653756742.41", "exception": null, "traceback": null}}, {"model": "django_apscheduler.djangojobexecution", "pk": 32, "fields": {"job": "my_job", "status": "Executed", "run_time": "2022-05-28T16:52:30Z", "duration": "2.65", "finished": "1653756752.65", "exception": null, "traceback": null}}, {"model": "django_apscheduler.djangojobexecution", "pk": 33, "fields": {"job": "my_job", "status": "Started execution", "run_time": "2022-05-28T17:20:00Z", "duration": null, "finished": null, "exception": null, "traceback": null}}, {"model": "django_apscheduler.djangojobexecution", "pk": 34, "fields": {"job": "my_job", "status": "Error!", "run_time": "2022-05-28T17:22:10Z", "duration": "24.62", "finished": "1653758554.62", "exception": "[WinError 10060] ╧юя√Єър єёЄрэютшЄ№ ёюхфшэхэшх с√ыр схчєёях°эющ, Є.ъ. юЄ фЁєуюую ъюья№■ЄхЁр чр ЄЁхсєхьюх тЁхь  эх яюыєўхэ эєцэ√щ юЄъышъ, шыш с√ыю ЁрчюЁтрэю єцх єёЄрэютыхээюх ёюхфшэхэшх шч-чр эхтхЁэюую юЄъышър єцх яюфъы■ўхээюую ъюья№■ЄхЁр", "traceback": "  File \"D:\\Alexei\\SkillFactory\\projectManufacture\\venv\\lib\\site-packages\\apscheduler\\executors\\base.py\", line 125, in run_job\n    retval = job.func(*job.args, **job.kwargs)\n  File \"D:\\Alexei\\SkillFactory\\SF_D2\\project\\newspaper\\management\\commands\\runapscheduler.py\", line 49, in my_job\n    msg.send()\n  File \"D:\\Alexei\\SkillFactory\\projectManufacture\\venv\\lib\\site-packages\\django\\core\\mail\\message.py\", line 298, in send\n    return self.get_connection(fail_silently).send_messages([self])\n  File \"D:\\Alexei\\SkillFactory\\projectManufacture\\venv\\lib\\site-packages\\django\\core\\mail\\backends\\smtp.py\", line 124, in send_messages\n    new_conn_created = self.open()\n  File \"D:\\Alexei\\SkillFactory\\projectManufacture\\venv\\lib\\site-packages\\django\\core\\mail\\backends\\smtp.py\", line 80, in open\n    self.connection = self.connection_class(\n  File \"C:\\Users\\alexe\\AppData\\Local\\Programs\\Python\\Python310\\lib\\smtplib.py\", line 1050, in __init__\n    SMTP.__init__(self, host, port, local_hostname, timeout,\n  File \"C:\\Users\\alexe\\AppData\\Local\\Programs\\Python\\Python310\\lib\\smtplib.py\", line 255, in __init__\n    (code, msg) = self.connect(host, port)\n  File \"C:\\Users\\alexe\\AppData\\Local\\Programs\\Python\\Python310\\lib\\smtplib.py\", line 341, in connect\n    self.sock = self._get_socket(host, port, self.timeout)\n  File \"C:\\Users\\alexe\\AppData\\Local\\Programs\\Python\\Python310\\lib\\smtplib.py\", line 1056, in _get_socket\n    new_socket = super()._get_socket(host, port, timeout)\n  File \"C:\\Users\\alexe\\AppData\\Local\\Programs\\Python\\Python310\\lib\\smtplib.py\", line 312, in _get_socket\n    return socket.create_connection((host, port), timeout,\n  File \"C:\\Users\\alexe\\AppData\\Local\\Programs\\Python\\Python310\\lib\\socket.py\", line 845, in create_connection\n    raise err\n  File \"C:\\Users\\alexe\\AppData\\Local\\Programs\\Python\\Python310\\lib\\socket.py\", line 833, in create_connection\n    sock.connect(sa)\n"}}, {"model": "django_apscheduler.djangojobexecution", "pk": 35, "fields": {"job": "my_job", "status": "Max instances!", "run_time": "2022-05-28T17:22:20Z", "duration": "0.28", "finished": "1653758540.28", "exception": "Execution of job 'my_job' skipped: maximum number of running instances reached!", "traceback": null}}, {"model": "django_apscheduler.djangojobexecution", "pk": 36, "fields": {"job": "my_job", "status": "Max instances!", "run_time": "2022-05-28T17:22:30Z", "duration": "0.38", "finished": "1653758550.38", "exception": "Execution of job 'my_job' skipped: maximum number of running instances reached!", "traceback": null}}, {"model": "django_apscheduler.djangojobexecution", "pk": 37, "fields": {"job": "my_job", "status": "Executed", "run_time": "2022-05-28T17:24:10Z", "duration": "3.72", "finished": "1653758653.72", "exception": null, "traceback": null}}, {"model": "django_apscheduler.djangojobexecution", "pk": 38, "fields": {"job": "my_job", "status": "Executed", "run_time": "2022-05-28T17:24:20Z", "duration": "3.01", "finished": "1653758663.01", "exception": null, "traceback": null}}, {"model": "django_apscheduler.djangojobexecution", "pk": 39, "fields": {"job": "my_job", "status": "Executed", "run_time": "2022-05-28T17:26:20Z", "duration": "3.98", "finished": "1653758783.98", "exception": null, "traceback": null}}, {"model": "django_apscheduler.djangojobexecution", "pk": 40, "fields": {"job": "my_job", "status": "Executed", "run_time": "2022-05-28T17:26:30Z", "duration": "2.77", "finished": "1653758792.77", "exception": null, "traceback": null}}, {"model": "django_apscheduler.djangojobexecution", "pk": 41, "fields": {"job": "my_job", "status": "Executed", "run_time": "2022-05-28T17:27:40Z", "duration": "3.57", "finished": "1653758863.57", "exception": null, "traceback": null}}, {"model": "django_apscheduler.djangojobexecution", "pk": 42, "fields": {"job": "my_job", "status": "Executed", "run_time": "2022-05-28T17:28:50Z", "duration": "4.31", "finished": "1653758934.31", "exception": null, "traceback": null}}]
